review_id,estrato,tipo
r928aa62fbbce7a2c37d1917c629045e1,excluir,exclusao
ra1caef51b093c97b6d478e220f59fbb6,excluir,exclusao
r8b27d400522d2e2fbb093f25155ac2e2,excluir,exclusao
r3a0a3359aa6224633ca027a836ba84a4,excluir,exclusao
ra09671455f481b6c39d82ada07e51537,excluir,exclusao
r1367a6568581adf60b9d58ecbbc442fe,excluir,exclusao
r1a34d2065a4c57eff85b6a1fa187f81b,excluir,exclusao
r2207c067c20dd10252518cc51de9ffef,excluir,exclusao
r9e038381bab1ff608492b4164d3b8135,excluir,exclusao
r8d7da1bdf10b69dd3078600412d3d099,excluir,exclusao
r50b4edb0d1fe30ec68aa978ae7f8d8f8,excluir,exclusao
r5bfc987191e019a8aaf1a6f3070b4540,excluir,exclusao
red03678ab09edc24e332ae328d0567af,excluir,exclusao
r50dc11ae831e6e25e2619c5b771ee3a1,excluir,exclusao
re289d11e8071db6c52f757037f79a64b,excluir,exclusao
r2d9dc00e1dc95905e6cb4567b91c872c,excluir,exclusao
r24213c3cfa5caf2b6661b4bf8c09a717,excluir,exclusao
rd3e56327192773c9f261fb115c5f6005,excluir,exclusao
r931152f5d0f89bbb6da0db38d7c25feb,excluir,exclusao
rfafe5936d721780918a505460b7c78ea,excluir,exclusao
rf80d0fd0d51e64407c9f9d3cb3c19593,excluir,exclusao
r9ae5630d801976c17187d49550fe3be1,excluir,exclusao
r9227fcc14678e8e030a908ef338f3cc5,excluir,exclusao
r513577e9269886de8c488a5dc3c66897,excluir,exclusao
rbfcc628053b02b576cc9656c956f97eb,excluir,exclusao
r356093d35c7aa6b4b728f284d4700c93,excluir,exclusao
re1e78b6d68da576f57eb01cf56a4b4bb,excluir,exclusao
r940bc7826bf2d99d79fb4bb1c2cec0e6,excluir,exclusao
r180920916b99fe0796f49a32bf5d2287,excluir,exclusao
r53e94958d97c6f2243a1654f1a76412c,excluir,exclusao
r09b4d62a3db5aca2f1ba09971a0c19e8,excluir,exclusao
r5bfc5be656a643780174245525ab5fc6,excluir,exclusao
r96cdb340d18231169220055974e2607f,excluir,exclusao
re32a379ee53df243920b7b1f4b1b4816,excluir,exclusao
r6a643b04cf404e7f825bf192b846b947,abstract_alta,inclusao
r000bbdb311cdb42cc65e791c9997e416,abstract_alta,inclusao
r2cdc1e3b1970d95b8202c3734be8fbe6,abstract_alta,inclusao
r4d78f9378f798dded47e26c3fba7c5d8,abstract_alta,inclusao
r9831ac0c948d32b859e758d592f2aa01,abstract_alta,inclusao
rbeaa72e9879268d795679a4fa0e01122,abstract_alta,inclusao
r7aaa3dcdcf0b9c2bf63cefd981188dd7,abstract_alta,inclusao
r71d59d3a59e4a78d56daa7a7f3c6fe0a,abstract_alta,inclusao
r9af2707895b9125e8eaf43b81d74aa33,abstract_alta,inclusao
r197e0fedb18525912ca2af07e8863cb9,abstract_alta,inclusao
r3bba6aee9bd52c948817d7b2b875de8a,abstract_alta,inclusao
r9f065af4bb700367ae1ebf1e7653502b,abstract_alta,inclusao
r82abd757ce6f1f4019f6d8e3c348fc78,abstract_alta,inclusao
ra4528001a8c706905a53ab407c7cf1a6,abstract_alta,inclusao
r1c42894112417c19a64b137bd443b195,abstract_alta,inclusao
r6250fe4c4aa4944c5f61c2832ff20706,abstract_alta,inclusao
rff54b66b3fb2c0937c71afc49ea7f4b2,abstract_alta,inclusao
r4f48a9346e2513bc910d0dab10b853cc,abstract_alta,inclusao
r3e5afbaa470fd481a3f942420ffc2e38,abstract_alta,inclusao
r0afa0bf524facf743cf6c52685014ccc,abstract_alta,inclusao
r13d34ee606e2045741fd5fae23bfbcbe,abstract_alta,inclusao
r308d77686e7742144323c1c7126214a1,abstract_alta,inclusao
rd61bf98c6df0ea7f1781d57fa79970b4,abstract_alta,inclusao
r237453b25c31ea58f0391614921c77d1,abstract_baixa,inclusao
rcd4d4755fce64e9da5d862ae765c94b6,abstract_baixa,inclusao
rbd57b9e6bc76762ba08a18c643532090,abstract_baixa,inclusao
rbc61993d0b3527c9a376819127713fee,abstract_baixa,inclusao
r1617faa416beed6d3be59dc716e1b715,abstract_baixa,inclusao
r39e5be422511214289e5e7f190206e77,abstract_baixa,inclusao
re2d12f63c987681b83507e73de6af99c,abstract_baixa,inclusao
r10acb84af510b683cef8476bf2d050b9,abstract_media,inclusao
r0cdb1158d4a6f44ab488e6966e519dde,abstract_media,inclusao
rdc25b66d1571a5c3135e7e046c436cb3,abstract_media,inclusao
r3124d41c89324fe43b44d7cea79e62ab,abstract_media,inclusao
rd1ad9f03d70b7d19984230f86e1cd321,abstract_media,inclusao
r2aaf0812522d5ef847e975f1ac36a8be,abstract_media,inclusao
r7c7857296e1fc1ec91fbd322f68979a5,abstract_media,inclusao
r0a898edf294a5b7fd7462fa6fb38a648,abstract_media,inclusao
r8fd42f494dc84e998e2cdc15a8ab5d86,abstract_media,inclusao
r0c59bff805ebee92864f396b2bf060a0,abstract_media,inclusao
rad9accfe2d593a54853e75f8493996fb,abstract_media,inclusao
r177473d8592f8eff24b530e2f353e67d,abstract_media,inclusao
r8c209873f856fe3eeaeb227829a6219e,abstract_media,inclusao
r916ea27453534acfd3fd40dd44782e78,abstract_media,inclusao
r0528f180c24892134ac264c6ce0f1a60,abstract_media,inclusao
r6946c5686d2aa66bb4ec9abce037b750,abstract_media,inclusao
rdf24f2d6ef48ea1618739711d6bbf701,abstract_media,inclusao
ra0d2ecee1e2e73d7965bfd2ff0a65e19,abstract_media,inclusao
r73d30722482e6e5684ee9f756254901b,abstract_media,inclusao
r985c4b2a6edb2c3f4b9117f8a6e9a0c4,abstract_media,inclusao
re0a87f5f74726d76ad7dfb090c7b7148,abstract_media,inclusao
re7145cee20bd6eca0f5862c6d134500f,abstract_media,inclusao
redc0ac35cd6bee34564b69fa9d32b5ea,abstract_media,inclusao
ra70228ae2e8fbfdefbd36e368c303f54,abstract_media,inclusao
r860fddea31c3f764746a93bf0f97d7de,abstract_media,inclusao
rbad80acc3957c871ed8b4c09f3eeeba7,abstract_media,inclusao
red421e7fe457c35a819a637c289a0dda,abstract_media,inclusao
r004c799fae612cf4b40fc682633c9ce6,abstract_media,inclusao
rd82fc00ec25138cf765ca62b63552fff,abstract_media,inclusao
r7ac8c9d36dbd785f36ff78ddfbdabc40,abstract_media,inclusao
r0093240eede1247d42f9eb5a07948877,abstract_media,inclusao
r43c7304d0b444d2022ea4c621c8cb880,abstract_media,inclusao
r76f18a8f4b29170416eaa0fd950d77ce,abstract_media,inclusao
r92e51649254db69f7e406532391c447f,abstract_media,inclusao
r776b884e75987ee00232f19b382466b0,abstract_media,inclusao
ra062f80ac67786dd0721d61c31f89a50,abstract_media,inclusao
rd6c6d614023b743a85978938c31154e0,pdf_alta,inclusao
ra88f06c75de8753f68e921534685147a,pdf_alta,inclusao
r6b9152c0903eb3fcd7fa1ce58bfe695d,pdf_alta,inclusao
r8a35d9171cde8fac275c648c7540ebe8,pdf_alta,inclusao
r40f39e2c29ae3ccd5b09fddf89250908,pdf_alta,inclusao
rb6a248f65ea10f2004745f71c7699c63,pdf_alta,inclusao
ref94459791c606ba05b43396bc72b3f3,pdf_alta,inclusao
r66834e999f415182c1e50a654d7a23e6,pdf_alta,inclusao
r82c4fb9bd80e956521d92467eee0cd50,pdf_media,inclusao
rabdef159d44c0df0fb88746f8a4eb5b5,pdf_media,inclusao
r4ace0e6d352d38dc9b575fce3a92b3c6,pdf_media,inclusao
r49dd7a268609170e18ca11ad4d0aa529,pdf_media,inclusao
r914fcb3b3bfe2c653d4efd9a3da67a96,pdf_media,inclusao
