review_id,text_source,confianca_extracao,elegivel,motivo_exclusao
r4e3276722680c3612bd6214bb9a1c025,abstract,0.72,incluir,
rdc057229f279694434a3a3b44a95eef7,abstract,0.82,incluir,
r8b4b958d4332dc33092a9b64efc5cc59,abstract,0.82,incluir,
r98e0e630837d8ccf899c8e3aea3697c8,abstract,0.82,incluir,
re6ba941753bec10124a432ddf8c988ec,abstract,0.72,incluir,
r4a6520daa831bfbdf2a09a6e74e8bc4f,abstract,0.82,incluir,
r29dff130cb82edadb6ec0c01aa49d91c,abstract,0.62,incluir,
rb1e3b283cd76d2fd64204db786764c79,abstract,0.82,incluir,
r73adbc5ed1d0948e78cf3f3c6d749ad6,abstract,0.78,incluir,
r7146835a8b7cb6c6af3b7454ee5cbff3,abstract,0.82,incluir,
r05d53645241553282571d273298b5864,abstract,0.62,incluir,
r23a9045f05257fdb95d2b36160787033,abstract,0.62,incluir,
rfb200f0b5c762020b283427be4d7a381,abstract,0.78,incluir,
r631e0bea30f950579a52da1bad66edb8,abstract,0.78,incluir,
r6bb6f6ccb76a57d78d5ba042e9a4098d,abstract,0.62,incluir,
rba885dbacde63f39d9b4f41a441fc058,abstract,0.78,incluir,
r8ecc9d8db115c12450eaea65f785b81c,abstract,0.72,incluir,
r64accc7033e9f0b04ba35f2794330ea3,abstract,0.78,incluir,
rcaeb0f16c55678ec6d3f4e7634a0c688,abstract,0.45,incluir,
r3404cda99ba617b71f4dc72adf3e2536,abstract,0.72,incluir,
rf2066695cbc6c65942f3d6de29913b74,abstract,0.62,incluir,
r1424e02a0cf50eb3953fa687e45a08d4,abstract,0.72,incluir,
rbb20c3e3ea8361e0e91891681897912a,abstract,0.82,incluir,
r055dd7230c7190b4895212158f27f8bf,abstract,0.72,incluir,
r7e1e08cd9e4c07ab8ef79cef9c23c1e1,abstract,0.72,incluir,
rdf534df784cdfb3d73ddc88a2f30d892,abstract,0.82,incluir,
r2aee9cd9dd3421aa93657ccf182d75ec,abstract,0.72,incluir,
rd629a5413a783e40b6db08c77480dfbd,abstract,0.82,incluir,
r5fa7bf09e185ba5deadf2bf68cc46d8f,abstract,0.72,incluir,
rf9a67ea71638c7313ed5543a5b89e5f6,abstract,0.82,incluir,
ra6c934d53c3f20c3dc75e30639a0cc49,abstract,0.82,incluir,
rf0a91aadba788f8e401d1dc523f33608,abstract,0.82,incluir,
r844f65496a47b808ed48e05dc29e0318,abstract,0.82,incluir,
re5765f101db8eed1a091c39fd4a7428c,abstract,0.72,incluir,
r57037c09d4ee61d2f219b39c9c7bb380,abstract,0.62,incluir,
rec883a0ef47640e6f920f572675ce3e0,abstract,0.82,incluir,
r007d226914db82354424795427532d98,abstract,0.82,incluir,
r5161e981530985d43b4b8de3140aa0b9,abstract,0.82,incluir,
rbcee7a577d77fae9b4b9464648041fdc,abstract,0.72,incluir,
r91a83fb7fcccf60f0b84c09f5dd4f8b7,abstract,0.82,incluir,
r50fb5d4b7720becd06493803395871e8,abstract,0.62,incluir,
r6a643b04cf404e7f825bf192b846b947,abstract,0.82,incluir,
ra368e8e723cced815c398c78f0cb51ed,abstract,0.72,incluir,
r71e884dc1296dc5fd98526a87402c66e,pdf,0.82,incluir,
re089351da5ba679f8522672b6097acb8,abstract,0.62,incluir,
r3bba6aee9bd52c948817d7b2b875de8a,abstract,0.82,incluir,
ra12e871f4fe96c9bd6f2b53d5bac2c75,pdf,0.78,incluir,
r4f48a9346e2513bc910d0dab10b853cc,abstract,0.82,incluir,
r776b884e75987ee00232f19b382466b0,abstract,0.72,incluir,
r7d3419c45b5bd6185c87269e26667d6c,abstract,0.82,incluir,
r6f209158a178c3a0fc9db70dfd37052d,abstract,0.85,incluir,
rf0403a5e2e5cc035c5f46b9c4d4ea5b3,abstract,0.72,incluir,
r390235bd89156eaade4546f133fa61f0,abstract,0.72,incluir,
r7be33cf2a208b21024cb646ed128e259,abstract,0.55,incluir,
r9da7134b6c4b8973c556379fb21c1014,abstract,0.72,incluir,
r1d2664d8974b8a4823dfb7fcd5ea576b,abstract,0.82,incluir,
r69da0c26b0ca3756b6010ccb0d94cd87,abstract,0.72,incluir,
ra131c19e6257c25250cb3f136f0d2e24,abstract,0.72,incluir,
r892731b1117ad8e2e9de433c93941452,abstract,0.82,incluir,
r4790c4c6bad1149c7a0e5023a3d7b6f2,abstract,0.72,incluir,
r5fbc4dd41a6921fdfac7f423e8fe2a3d,abstract,0.62,incluir,
r4a25c888055565e73b87116efd46ded5,pdf,0.82,incluir,
r916e4059ff3a10e0cbb89b097872ee35,abstract,0.62,incluir,
reb2ce0d88c422d516855906194529c13,abstract,0.88,incluir,
r985c4b2a6edb2c3f4b9117f8a6e9a0c4,abstract,0.62,incluir,
rc9d9dfe9620012f336b4f202c7c47027,abstract,0.55,incluir,
r8fcce68b0d81df3ba9366a7aab98997d,abstract,0.72,incluir,
r7fc8a3527daf9d5e461bce12e43c3c09,abstract,0.52,incluir,
r025241e5d7c5b3db9697836f88dee15c,pdf,0.93,incluir,
r2174175ba42b2d869d1e3633bf63ffe9,abstract,0.82,incluir,
r9fd565a9eb3fcf7f1b9d02ecc579ba80,abstract,0.82,incluir,
r689cdb03abfee54d2f5c1f31ce629575,abstract,0.62,incluir,
rd228fa725cc07313932ae3b57188c77c,pdf,0.82,incluir,
r2b9d8d23c9e090c0536c486a95c0e759,abstract,0.62,incluir,
r72b9dd5e5964991f11ad3d6f81bea95f,abstract,0.72,incluir,
r3554863b9e9643319e68397b8a7a2753,abstract,0.82,incluir,
r4b0c58cd597a49d74278103aac36f418,abstract,0.62,incluir,
r308d77686e7742144323c1c7126214a1,abstract,0.82,incluir,
r76bdd607327c5aa249595cb5b1acb2cd,abstract,0.82,incluir,
r85809909a7a5936ad6d15584e67bd66e,abstract,0.82,incluir,
rd2ca323e1118c0b3c468b5af5e951e44,abstract,0.62,incluir,
rd294728c2fff556b3afa96c62833463a,abstract,0.82,incluir,
raa212f484f8e820f521d18780d40c181,abstract,0.82,incluir,
r175535c42349826df7aa87cd2c0df2ab,abstract,0.55,incluir,
rf3f9f261455869216363f4ff61b55ee6,abstract,0.72,incluir,
r5c785aaee157f9aa6a4212048d08946a,abstract,0.82,incluir,
rfa35fea02bf1d6d4fc0a0e62f10ae9ae,abstract,0.82,incluir,
r33f2c4c0c85384975a971def865d27d7,abstract,0.72,incluir,
r2f14bfb245a271d3a6005bb174116a6a,abstract,0.72,incluir,
redc0ac35cd6bee34564b69fa9d32b5ea,abstract,0.78,incluir,
r928aa62fbbce7a2c37d1917c629045e1,abstract,0.85,excluir,E3
r4b75c9171eb9cb6e0aa1876d7fcdceb4,abstract,0.72,incluir,
rae93b32d44fbcaf85e6527306861126d,abstract,0.82,incluir,
r2c4864bc15aabf9fbef6550b745c25be,abstract,0.82,incluir,
r6ba623d5eb32290df7d5e5ddefd29d9c,abstract,0.78,incluir,
rb35004b0e4c03030c42ed7183bbeb1d5,abstract,0.88,incluir,
rdb8f95110b4efbb61498509bca319a9e,abstract,0.82,incluir,
rb6e8a99092144ca52b7d9cab510a895e,abstract,0.82,incluir,
ra2917983bad3a281a871a37398da99d6,abstract,0.72,incluir,
r6b1be8cdbb474faad61707e51820f1f3,abstract,0.72,incluir,
r46ff25a6851740980917b2cf2c4baf63,abstract,0.62,incluir,
r9e3200f1361c4547578a37a1b24401ae,pdf,0.82,incluir,
rf7bfe8532a7ab4aa561c1e1bb34bb2e8,pdf,0.82,incluir,
r93f9f280bd9ec7cc4ee24f93d7f85d5c,abstract,0.72,incluir,
r82c4fb9bd80e956521d92467eee0cd50,pdf,0.72,incluir,
r4d78f9378f798dded47e26c3fba7c5d8,abstract,0.82,incluir,
r40d589b61938c195b53b882db3f3e47b,abstract,0.88,incluir,
rd550e2c551ac445c69d03e97cd6ea6e1,abstract,0.55,incluir,
ra998c26a01dfa756cc39f49de3731d57,abstract,0.72,incluir,
rf49ad7b0700459d166cc55301c59edab,abstract,0.62,incluir,
r0afa0bf524facf743cf6c52685014ccc,abstract,0.82,incluir,
r941cf3ec30fa9f4c9e11478e74175f55,pdf,0.72,incluir,
r166c50534f60cbc33a493f7dfbd9e4ba,abstract,0.72,incluir,
rc29d96690ed773e903f09874cc740fe0,abstract,0.72,incluir,
r7ac8c9d36dbd785f36ff78ddfbdabc40,abstract,0.72,incluir,
rcd4971aec2ea5e2a5f8d3f9d6a0c6935,abstract,0.72,incluir,
reb8a124dd8ac7525eb504b8595934f29,abstract,0.78,incluir,
r6eec9ba034b6180aa07a4588d2e3bc34,abstract,0.88,incluir,
r6b9152c0903eb3fcd7fa1ce58bfe695d,pdf,0.92,incluir,
rfa736132cf1bf4aff346d85ed5d2b7bf,abstract,0.72,incluir,
re08792662e2a7eed7759955b329451be,pdf,0.88,incluir,
r07a30d034b722d6e2e16b449456609d4,abstract,0.72,incluir,
r1778d669abd418f71b25883489f30595,pdf,0.88,incluir,
ra1caef51b093c97b6d478e220f59fbb6,abstract,0.95,excluir,E3
r698defff0f5a61b4bbc9900d81190a67,pdf,0.88,incluir,
rb207801619cce1a3f00fd1956f880567,abstract,0.78,incluir,
r9dad40e298a4be61a05956e3f10436f2,abstract,0.82,incluir,
r77de2eb9d3bdc27c7570a7c98ee8879d,abstract,0.62,incluir,
r1629761a8a64975b47fe5f5c23c1ea5e,abstract,0.55,incluir,
rdbf3fd58b0b66af22bc62563025c55c3,abstract,0.82,incluir,
r54db9b485abb84776f7279cd6a2f24d5,pdf,0.72,incluir,
r7a2ac359c50859cc523e933b47a880a0,abstract,0.72,incluir,
r3124d41c89324fe43b44d7cea79e62ab,abstract,0.72,incluir,
rcd09d6cf0bf2c161ead843bd0f3fbe10,abstract,0.82,incluir,
r38be2b0108544c42bb7b1d044af0d239,abstract,0.82,incluir,
r53196291079136387874367725f66e49,abstract,0.62,incluir,
rf494166fb8e7f5dfa934002c7044aaa2,abstract,0.82,incluir,
r03f46a057dff727d8debca208465d9aa,abstract,0.78,incluir,
r8b27d400522d2e2fbb093f25155ac2e2,abstract,0.9,excluir,E3
re7cef2e7851b5be0b5b3cd2b39b9656f,abstract,0.52,incluir,
rb859cd3daa1df485b5b8d6e5bbe15dae,abstract,0.78,incluir,
r3a0a3359aa6224633ca027a836ba84a4,abstract,0.85,excluir,E3
rf1f3e73e51e87f023f001e2d2c486aab,abstract,0.45,incluir,
rcfb38bfd8cbccfe5cabd6a288b5e543e,abstract,0.78,incluir,
r616c9cbcf03fb9d6eed0c900e8110e07,abstract,0.62,incluir,
rdf7ddb218791bfa7cce8c7b308bc5fbd,abstract,0.62,incluir,
r4e8bc6bc0b9b0b6eddb8c4d421711ef3,abstract,0.82,incluir,
r1a1639181c76124e1bb9071611f8eab8,abstract,0.55,incluir,
r24427db4234dce933e2b6fb2dafa908d,abstract,0.55,incluir,
rfabcf31022772568587dc51053baa714,pdf,0.82,incluir,
r06379887776e724d55a98f7a8648fc89,abstract,0.45,incluir,
r6d38eda10a7e3d58c4685ce88bb2aa50,abstract,0.82,incluir,
r39e5be422511214289e5e7f190206e77,abstract,0.55,incluir,
r0537a4d057cf1c97b128ffb9e9b11574,abstract,0.72,incluir,
r659b1577ac156fab62fdd5bd455f4ff9,abstract,0.55,incluir,
ra09671455f481b6c39d82ada07e51537,abstract,0.9,excluir,E3
r4184a35cb43635a582418ee57ae463b7,abstract,0.62,incluir,
raa1485a76553bc4f5099e7706cd021bc,abstract,0.82,incluir,
rd1c057d62d71ef26f4f11f91df4ae555,abstract,0.82,incluir,
r10d4ee5ce47c80b7b6ad676c7d388749,abstract,0.72,incluir,
r7d0be2523c037e968cb3de58f22002d3,abstract,0.52,incluir,
r1367a6568581adf60b9d58ecbbc442fe,abstract,0.85,excluir,E3
re88810a4f66cb942a90a19519cce68ca,abstract,0.82,incluir,
rf51a3ce77d07af0f970763ed795b16f5,abstract,0.78,incluir,
r30ccc590ce794c146b60be5fc119bdb7,abstract,0.82,incluir,
re1e93383736f4f42911c5de356c62703,abstract,0.78,incluir,
r860384682fa07641c62ac2617e91f8c3,abstract,0.62,incluir,
r5611b3707084bc864cecfb43bdbcec87,abstract,0.55,incluir,
r7ab15903b66a0095890487120eb85258,abstract,0.62,incluir,
r1a34d2065a4c57eff85b6a1fa187f81b,abstract,0.85,excluir,E3
r860fddea31c3f764746a93bf0f97d7de,abstract,0.72,incluir,
r81be252fa84e6fc68ac5a4ef1a65c1b9,abstract,0.62,incluir,
r2270c564d1f11dc70145f0d53d63d050,abstract,0.55,incluir,
r50aed52352780f8b5ffc95e947351b45,abstract,0.82,incluir,
ra30e1a18f95154d6c91ce2ca08a5fa13,abstract,0.62,incluir,
r09686fe299970435f18581b23cf0a724,abstract,0.82,incluir,
r5f4b5e9e4161dbb2c8dce7b6bb956e5b,abstract,0.82,incluir,
r2207c067c20dd10252518cc51de9ffef,abstract,0.72,excluir,E5
r9e038381bab1ff608492b4164d3b8135,abstract,0.9,excluir,E3
r9d4b4f26ea843c7b93c6f4fa574cb7c4,pdf,0.72,incluir,
r8133c4e22304a182d9b22b7a7ebbdd01,pdf,0.72,incluir,
r72917db2b33110f374790e5f19cd9bca,abstract,0.62,incluir,
r96192278e1c29c4ba2b0fe66e16a00b4,abstract,0.62,incluir,
r895b7513f1caed854e5b15e45efeca32,abstract,0.62,incluir,
rf544fe86f840fba9760db9b9f3650899,abstract,0.72,incluir,
r8d7da1bdf10b69dd3078600412d3d099,abstract,0.85,excluir,E3
rb385a0c7b12dadf368409cb462ee414e,abstract,0.72,incluir,
rb5bb7df3a8d55a50cbd8cd7db1bba84e,abstract,0.62,incluir,
r9a3965c2ee401c50978d8ea3e32c088d,abstract,0.72,incluir,
r479c8d7734289fc14de1fbcaf7496fb1,abstract,0.82,incluir,
r1711de28dc288235fa9f09879872d08e,abstract,0.78,incluir,
r5986a02854319de16e835d9c178f2e29,abstract,0.62,incluir,
ra2201ec3a611349de522e0b0e9f19590,abstract,0.55,incluir,
r88406786b94b0fc7151d8f6cb7961418,abstract,0.55,incluir,
r04dcd80ace004b292c4360516d7b16e4,abstract,0.82,incluir,
r71c52706119af1389f8617e85a9e3897,abstract,0.62,incluir,
rfc73f73d0e1e82e8ec7b065c52dfc57d,abstract,0.72,incluir,
r9ef49a91178228b901ecd4084c7e2446,abstract,0.62,incluir,
reec5a6e74a6949f495f19258924fba1b,abstract,0.78,incluir,
r43a912583e7f23ab7dd1ce0c11750daa,abstract,0.72,incluir,
rd8cd0d45f3c64a222aa9848533cc7754,abstract,0.82,incluir,
rcd2adff885fdc046535c146b5cd751f2,abstract,0.78,incluir,
r1d536b1d9eb711af4d72453e7229afe3,abstract,0.82,incluir,
r82e84700839ab181c68de61642c62f38,abstract,0.62,incluir,
r965faaedfb803c2770a8dba0c4e08adc,pdf,0.72,incluir,
r50b4edb0d1fe30ec68aa978ae7f8d8f8,pdf,0.85,excluir,E3
r190adb58a3af5d7272ca92d40eb96e3b,abstract,0.62,incluir,
r4248826ef96d49f6ae4881553c8cc4e4,abstract,0.72,incluir,
r2a4696cd05a95ed546e075b9b3b04b8e,abstract,0.88,incluir,
r64e8da93f90639f712e1251bdf685415,abstract,0.72,incluir,
recfb4b6565c9cf80682be7a7ea77756a,abstract,0.55,incluir,
r244ef5ee7b03abae3820d04cc8e45d8b,abstract,0.52,incluir,
r567c3e2d0c2418bc0fb0ac98495bf491,abstract,0.72,incluir,
r551b1ccca095697b968b7440036f2b53,abstract,0.62,incluir,
rce30972688bcc88df7ce39a00fc8acc5,abstract,0.52,incluir,
rd91d04937755369e6c992e91ae397078,pdf,0.62,incluir,
ra3da908dec184fc383a6828184463b8f,abstract,0.78,incluir,
r5bfc987191e019a8aaf1a6f3070b4540,abstract,0.85,excluir,E3
r1f3a7292041a3d447015c5208b7fa72a,abstract,0.82,incluir,
r2d824e79a2e7ef96e25490ba6f82a849,abstract,0.78,incluir,
re4f5e6742867016ce24a1d4ca34f8aa5,pdf,0.92,incluir,
r49dd7a268609170e18ca11ad4d0aa529,pdf,0.72,incluir,
rad5e3c0580cdcb84e1a799617fe0749e,pdf,0.72,incluir,
red03678ab09edc24e332ae328d0567af,abstract,0.85,excluir,E3
r8dab480a04dc53222fc1edfb9b6452d4,abstract,0.45,incluir,
r697c5b3a8d604ffdfc0c92dba79d6afb,pdf,0.72,incluir,
r1fe3895abbccfafb4930c7871975edbf,abstract,0.72,incluir,
r697ba9ec912259f9f089cf66d413d065,abstract,0.92,incluir,
r39768f0982fb48cf3c2547b32cde7c0b,pdf,0.88,incluir,
r1be08bc5cd15b2e90c988b9d4c1c8c17,abstract,0.62,incluir,
r3d26bbf4e795e39eafc12a1e2a7cd923,abstract,0.55,incluir,
r50dc11ae831e6e25e2619c5b771ee3a1,abstract,0.75,excluir,E5
r27b1792b1d876aad847613c48d4873e1,abstract,0.82,incluir,
r34759199346b841886eaec55e44c0445,abstract,0.72,incluir,
re289d11e8071db6c52f757037f79a64b,abstract,0.85,excluir,E3
rde3d06673458373e9de3161f1e70e2d6,abstract,0.82,incluir,
rc21f4747f75392ed94e7a4e32a59ff11,abstract,0.82,incluir,
radf9f3ffe1439c26d0e782c51ab77045,abstract,0.92,incluir,
r72618a29f53b543cb5e91b632741a40e,abstract,0.55,incluir,
r22e791ec9a776f18c04b76b9fb33cc3f,abstract,0.62,incluir,
rdf24f2d6ef48ea1618739711d6bbf701,abstract,0.62,incluir,
r8c4f4544f3fe7f82478eafb3f93a5058,abstract,0.55,incluir,
r2b10b2503b264227b9342705ad91e81b,abstract,0.82,incluir,
r082377f31f560ff0aa585b472ada3a2e,abstract,0.72,incluir,
r05ef47b2ec564dcfd89a19c340ee0e49,pdf,0.82,incluir,
r8626f4ef0c39f232118338ed624e03d0,abstract,0.55,incluir,
rbd57b9e6bc76762ba08a18c643532090,abstract,0.45,incluir,
r3a5633001c22b07cffa4e53c85175c12,abstract,0.55,incluir,
r50d919676db744db3281e21e2fbb69bb,abstract,0.72,incluir,
r6bb37fb5554e02d715ec6a7009fb9919,abstract,0.82,incluir,
r0a898edf294a5b7fd7462fa6fb38a648,abstract,0.62,incluir,
ra3385858da08ad2df98f0290de557e87,abstract,0.62,incluir,
ra70228ae2e8fbfdefbd36e368c303f54,abstract,0.62,incluir,
r792f34838244f7e919856bda5c3defaf,abstract,0.62,incluir,
r81830599c8828b05227c16110f263e72,abstract,0.82,incluir,
rf94b20a17680ad1d6d0ed31c6c8cc136,pdf,0.88,incluir,
r6e58d2f06edef7b10ba2c112fed4c5bc,abstract,0.55,incluir,
r5ef8ed170c220eb93e46eb3d7091a55a,abstract,0.82,incluir,
r8784f688e74aea8726b55bb880056f29,pdf,0.78,incluir,
rf009e5756123ca66e16b968ec4e71a7b,abstract,0.62,incluir,
ra01638352d1d5808c7b1a8ae938c00f5,abstract,0.72,incluir,
r59a93e5a3ce22fbbf67b59651f40d12e,abstract,0.78,incluir,
rca143864f53d64aba3c9cb982f8188e1,abstract,0.72,incluir,
r1d67bb04ab0c0d2454314e8d7a481550,pdf,0.88,incluir,
rf02b37da837ef11cd1a36769a0b1fd26,pdf,0.88,incluir,
r645dd186f40590da72e9e058e2b7afbf,pdf,0.72,incluir,
r9dc95c118c6c02ac3cf5b7006bbba9e5,abstract,0.88,incluir,
raf6dfb27dac3999f3e4e97db3573f55f,abstract,0.62,incluir,
rcf7bb50d5723a92292243b5f8965f117,abstract,0.72,incluir,
raaa4d379f7595f2d0e65f481b8536ede,pdf,0.82,incluir,
r0093240eede1247d42f9eb5a07948877,abstract,0.72,incluir,
rc79383d8fc9ec75409797b44b0680f1e,abstract,0.72,incluir,
r55d3ae33f2c1467b7420af1ad29e38e6,abstract,0.62,incluir,
reed4529dace23b96ac8113b1dfc5295e,abstract,0.52,incluir,
re4a40ad2d4f35cb6ee24d572d2b69f1b,pdf,0.82,incluir,
rb605427ee7ef4885b1b6e448fd37f1b1,pdf,0.82,incluir,
rdcb7e770c5bea6cf04352f7f7bd65a11,abstract,0.82,incluir,
r3e78a9cd4b42bdc2509349e8024c2212,abstract,0.82,incluir,
ra30c98bfd574f6c9fe1b858b7798a724,abstract,0.82,incluir,
r2d9dc00e1dc95905e6cb4567b91c872c,pdf,0.95,excluir,E3
rdc25b66d1571a5c3135e7e046c436cb3,abstract,0.78,incluir,
rd288da89955015a0c753581e666ad28d,abstract,0.82,incluir,
r5b5b32687a92eeab576a12e8ef41ab3b,abstract,0.55,incluir,
r36bd70a7b034631ef8c38f76bbc95d96,abstract,0.82,incluir,
r45db2099b9857c20e6eabd52ccf8b50c,abstract,0.78,incluir,
rb8747073cb24fc96c49e6910e16769f5,abstract,0.82,incluir,
r2e0dcf7b5d560c0b9b907d5f3da72cb8,abstract,0.72,incluir,
ra0a2a80e234db2ee28d920c82d8a50ed,abstract,0.55,incluir,
r048c7984a111c7a33c00ffbcc38d7caf,pdf,0.82,incluir,
r7fa2289f2e536f8c32694ab136cb7a6d,abstract,0.72,incluir,
r24213c3cfa5caf2b6661b4bf8c09a717,abstract,0.85,excluir,E3
rd3e56327192773c9f261fb115c5f6005,abstract,0.85,excluir,E3
r2c75373a99ac617513e6a44769793d54,abstract,0.82,incluir,
r2ad2d65227b25b9dbc3d2c9000ac135f,abstract,0.72,incluir,
r7a01217aa833960cf217063798b2fc6e,abstract,0.82,incluir,
r51d658102cedf5d42176b52dc843197d,abstract,0.72,incluir,
rf56446ad9897a7499ad16e54982800f2,abstract,0.78,incluir,
rd61bf98c6df0ea7f1781d57fa79970b4,abstract,0.82,incluir,
rb6a248f65ea10f2004745f71c7699c63,pdf,0.82,incluir,
reabcb586d9d20b770217b87843b0cfea,abstract,0.82,incluir,
r9a568f00cbc7066742aea90ed8041021,abstract,0.88,incluir,
r0f88c54b4087399773c2a70445db4988,abstract,0.62,incluir,
r931152f5d0f89bbb6da0db38d7c25feb,pdf,0.85,excluir,E5
rcf4c9441944d682d0908abbec718374d,abstract,0.62,incluir,
r7a5eadc0c6892c258de7f27c58da9dbb,abstract,0.72,incluir,
rf7653e3d91a5c99bb17b2abd07928d54,abstract,0.62,incluir,
r03d863a1a27bf7e39ae3b74e068e231e,abstract,0.78,incluir,
r95a3b62bf3f49e7ae24ca1022e70c94d,abstract,0.82,incluir,
r14b32d5a6c0e2c8cf72c76685051da9d,pdf,0.88,incluir,
r8fd42f494dc84e998e2cdc15a8ab5d86,abstract,0.72,incluir,
r1c1ef5c58e5945ec6d1831024dac983d,abstract,0.82,incluir,
ref67fd4ad1ba32e17b61297207a3deb5,abstract,0.78,incluir,
r93c2be160d0192668ef8eca7d846147b,abstract,0.82,incluir,
r72a2e5f9dbac344d0d39653fb69a5a56,abstract,0.82,incluir,
r7c0d1b7e181d32362f4c791c28a31e37,abstract,0.78,incluir,
rfafe5936d721780918a505460b7c78ea,abstract,0.85,excluir,E3
r38ef3bf77ae6bab3b04bb0c2468a2837,pdf,0.92,incluir,
r0317d69650d46bf25a6353fea6488d05,abstract,0.78,incluir,
r004c799fae612cf4b40fc682633c9ce6,abstract,0.78,incluir,
r1c42894112417c19a64b137bd443b195,abstract,0.82,incluir,
r073f8d8103b79d553552f649d18c1b53,abstract,0.88,incluir,
r805ed53d01e35bfa5059fa9842c45254,pdf,0.82,incluir,
r00bfa1425c7c0917cf18eb0a3be3be7b,abstract,0.72,incluir,
r5f6b515b4468dc5639a63b3fe4e3a9a5,abstract,0.82,incluir,
rf80d0fd0d51e64407c9f9d3cb3c19593,abstract,0.85,excluir,E3
r00734824acac0cd59ffc3463a2fa425c,pdf,0.92,incluir,
r14121d0186fb06f405570ac581293160,abstract,0.72,incluir,
rf7d3d6eba514b34bae511bbefb295cdf,abstract,0.62,incluir,
r449fc958112ea674b12d277228c156ec,abstract,0.82,incluir,
r5ea40ead7612d27e3f015252d2754d70,pdf,0.88,incluir,
rcc5d79ca63f7a55ca43bc0cc473f8af2,abstract,0.82,incluir,
r440a5cdecd69fbab8bc97e5185c48db4,abstract,0.82,incluir,
r1b3fec7c1ed5d0f0470688de331d1e7b,abstract,0.62,incluir,
r99198167b043d241b9a3ad63d7b99fab,abstract,0.82,incluir,
rff60c8d42619957bbe0bff0d643d82e9,abstract,0.72,incluir,
rc4e15baef98d332036cece2eb904ae8e,abstract,0.62,incluir,
ra900a8c94be38c781fe1d708563b96c8,pdf,0.88,incluir,
rd3e81722e359d75dfbbcdcf2fa3de83f,abstract,0.62,incluir,
rc2adcfe5bc91c4754001b80ee496507f,abstract,0.78,incluir,
r28bb8b8b5d473c94a2ab0de7b247182d,pdf,0.62,incluir,
r07bd2bf75e9e0c86e5fdcbbf90131634,pdf,0.72,incluir,
r11f4eace3c7c99e04e2b0cce0b181ba5,abstract,0.78,incluir,
r9c9b2e5529162a89045295226c86e3f5,abstract,0.72,incluir,
r7b77fe81f8a739bbb443db3c7ab95391,abstract,0.78,incluir,
r0da4026d5e35cf83b34dc7b3c98640d7,abstract,0.82,incluir,
r80976d3b21317432b16b9a8c8ca1ddd8,pdf,0.72,incluir,
r10acb84af510b683cef8476bf2d050b9,abstract,0.62,incluir,
r0b02b444ff9add1c0c449bd503cce351,abstract,0.55,incluir,
r359bae08b007a3c9770d1fecc9e58cdc,abstract,0.78,incluir,
red4b79485fa0dbd2a6abe8f063e8e444,abstract,0.82,incluir,
r4f68ecd8fb4d53e7a56a7835b5487bae,abstract,0.72,incluir,
ra062f80ac67786dd0721d61c31f89a50,abstract,0.62,incluir,
rbe0b03025412c75b82405430f57918fb,abstract,0.78,incluir,
re1d0af173be51c976cdc6115e48bfbc2,abstract,0.82,incluir,
re0a87f5f74726d76ad7dfb090c7b7148,abstract,0.72,incluir,
rd1ad9f03d70b7d19984230f86e1cd321,abstract,0.72,incluir,
refe7dbce578ebbd24453b940e02531f6,abstract,0.78,incluir,
r89ecdd19274f2c547c9fa72d6fe41ba5,abstract,0.62,incluir,
r583f6ace8c368e3e7ad230aac0bcfc50,abstract,0.6,incluir,
r197e0fedb18525912ca2af07e8863cb9,abstract,0.82,incluir,
r9814e0583eb8847273ce305b8b28f9be,pdf,0.88,incluir,
r2befacca196df04a32d96d7413ca6695,abstract,0.62,incluir,
r0cdb1158d4a6f44ab488e6966e519dde,abstract,0.72,incluir,
r57d2f719280d103371898cae620c3031,abstract,0.62,incluir,
r62531aca980a7c03428638f66acae91e,pdf,0.82,incluir,
radac3ff12c5d9e6ac58a11e7106a9ac6,abstract,0.62,incluir,
reda5e1ccf63d0ea13dde7727fcf34fd1,abstract,0.72,incluir,
rcc4b28c4d73636a7208a5fd5f2881d47,abstract,0.72,incluir,
r812b090961114755d7893e6a924313a7,abstract,0.82,incluir,
r642330a1716aed40996e9df761336602,abstract,0.78,incluir,
r60181ea382f24ee00c0647af219e98d2,abstract,0.82,incluir,
rf42a6488088601d7f93811d82e6cd403,pdf,0.78,incluir,
r00808bd63f0288b1b80db5d62599819b,abstract,0.82,incluir,
ra29a5057b3bdca6130a7b770ea618f69,pdf,0.97,incluir,
r114841f9cc81ae6b10c67ddd5ae8b06f,abstract,0.82,incluir,
re5309f3d15dde57e5e6005afc01fce67,abstract,0.72,incluir,
r69f0fb34d38b64e7963ec1f740d4fd79,pdf,0.72,incluir,
r66e15d3cf7a052ad229b9b3924523fb6,abstract,0.62,incluir,
rc0a8a72166e726728f6668104d0670d0,abstract,0.72,incluir,
rd2644418033e84a4470bde9b6e243578,abstract,0.55,incluir,
ra89328ff2472a02824038ca9828ecd0c,abstract,0.78,incluir,
r59179409ae6b6305560503d8df6c2616,abstract,0.82,incluir,
r6422abe2e94f22fab322ab6b2d07b216,abstract,0.82,incluir,
r9a54fc76f0ace7301301576a18d1f4d2,pdf,0.82,incluir,
r1fc91130d97f2e0c261b4d13f05efab3,abstract,0.78,incluir,
r7c7083f13465979798aa11be7ff70362,pdf,0.88,incluir,
rc2cfae4c9e0eb2aa7d6068c6979dcb77,pdf,0.88,incluir,
rae422ffeb34d296327dff78016fb8d6e,pdf,0.82,incluir,
rf97c703712a4d1746fa25b532b1afdfa,abstract,0.82,incluir,
r8b558abd5647bf3e80e4b51ff8de83e9,abstract,0.62,incluir,
rdeee837dc167a82276117713e816d088,abstract,0.72,incluir,
r66932b6b7b25dc4fa0abd08c9fd8a6ce,abstract,0.62,incluir,
rfce855d70038642c3c9780b0b441d61d,pdf,0.82,incluir,
rcd1c848d11f45bfab23aefb9b69e69b2,abstract,0.82,incluir,
rd8bd73bc90348d4769b6f0671f7f42b9,abstract,0.55,incluir,
rc0efea35fbc8569c6b41f6244c480daa,abstract,0.72,incluir,
r674b52689b7ec99b58312c73128eee3f,abstract,0.82,incluir,
rd6c6d614023b743a85978938c31154e0,pdf,0.82,incluir,
rd3aa82bb742d5f35c7641448989d2341,abstract,0.82,incluir,
r2750e3b11081ed7824a56afa8c47a609,abstract,0.88,incluir,
r825383eb68a838421703e508bebe9550,abstract,0.78,incluir,
r9f065af4bb700367ae1ebf1e7653502b,abstract,0.82,incluir,
ra8b620a58002fa5b5fa7d54fe89f790a,abstract,0.55,incluir,
rb531466eed2f653a887e0f158024d26d,abstract,0.62,incluir,
r4a9f3e9adee14dc733a9b07d52ce5df0,abstract,0.55,incluir,
r8d22670dec2eee75cebb3433c873f22b,abstract,0.62,incluir,
r6e127aa50cc71955a91fbe7f56481a4e,abstract,0.82,incluir,
r1b32aa96559fe9977a05201bd2d6d284,abstract,0.72,incluir,
r9ee87423d913e0b5e95582ef198812dd,abstract,0.78,incluir,
r2aacc9ece3db59bd3b58e6199ffed809,abstract,0.82,incluir,
r08513be5b66b969f060ac86d11eccacd,pdf,0.82,incluir,
rdc65d906ad188058b538d52e507b2469,abstract,0.82,incluir,
r27d1c9010e9a56eb1f3efa73e532f5c2,abstract,0.78,incluir,
r780af8f94c8165a2cf81a6f569b0311c,abstract,0.82,incluir,
r40f39e2c29ae3ccd5b09fddf89250908,pdf,0.97,incluir,
rccce44397516751a94b31f3d0c78f822,pdf,0.88,incluir,
r7668237ea3ea502614508d1208a52f60,abstract,0.72,incluir,
rcc25c83b4cbcd83f5e586570a304bf32,abstract,0.82,incluir,
r518ce2c4ee2c4473335bd90c591e5c51,abstract,0.82,incluir,
r3c8c19ef0a3b576251f970da5eeb4a83,abstract,0.82,incluir,
r6a018bec200a9fdec90b60ce3cd47454,abstract,0.78,incluir,
r12aaab454bc53de5173554be1fdc6f1b,abstract,0.82,incluir,
rbdab77196588ae72089f6ec48852f7c3,abstract,0.62,incluir,
r66834e999f415182c1e50a654d7a23e6,pdf,0.82,incluir,
r8eee2fe72b9b45a28aa8ba760aa7445b,pdf,0.72,incluir,
r9e2f5432165c6f746e20470ecc634181,abstract,0.72,incluir,
r4e1e084a16f80931ae00a3510ed3c1d7,abstract,0.82,incluir,
r6344e5ec4fa72c251d427602707a2342,abstract,0.72,incluir,
rd9c7d979fe5e1e3e7e16c18b6ed0bbb5,abstract,0.78,incluir,
rb9f277d4d3ccbae819fa42e951f483ff,abstract,0.72,incluir,
r9ac7d7a049756b49044ee39a23e96d95,pdf,0.78,incluir,
rc1a4dfb8e506b94fef6f96f476134abc,abstract,0.72,incluir,
r9bb03644a8c2894b25a59048e387033b,abstract,0.45,incluir,
r698dd64de3961b617f82129409c38352,abstract,0.55,incluir,
r230bbf50f58be80769590c6cce4a6ac1,pdf,0.72,incluir,
r26a206c950b7a398d9662dbceb3b9270,pdf,0.82,incluir,
r629eea9200ce79c677947ffeae87601b,pdf,0.72,incluir,
ra2843ae6c44aef85874fcc81000cf489,pdf,0.78,incluir,
rf5e8544949f6854bfd15ae60597fbd80,abstract,0.72,incluir,
rf8b5c87d8af61c6737413dba27cb6ad1,abstract,0.82,incluir,
r9ae5630d801976c17187d49550fe3be1,abstract,0.75,excluir,E5
rf7d2e28a85e6dfc0126aaabfb08b369a,abstract,0.82,incluir,
r07a7f5bad91f51c3831610b794c459cc,abstract,0.72,incluir,
r5b40a64c21500ed1dfaa2d56610a0f3e,abstract,0.72,incluir,
ra933ef2ab917cdff2bfde69d55765ef2,abstract,0.82,incluir,
r43c7304d0b444d2022ea4c621c8cb880,abstract,0.78,incluir,
r0e34bf10de43c1591844eae8e6da8669,abstract,0.55,incluir,
rcebbb4995893be0c8a5cdfdcad8b91e8,abstract,0.82,incluir,
r8a35d9171cde8fac275c648c7540ebe8,pdf,0.82,incluir,
r0e2303ec0bb299393d36733da53b0c1b,abstract,0.72,incluir,
r77e8bb2d25187f4208ae6b3994a8afd3,pdf,0.88,incluir,
r1be0f06ae1d0de19bbb50e1096d7902a,abstract,0.82,incluir,
r94d31cf2abfcd55f810867f783595942,abstract,0.82,incluir,
rebf75e5eda31f1fb24f50c7fb7d22256,pdf,0.82,incluir,
r660c13b9e44cb430ebb110d93a66c163,abstract,0.78,incluir,
r0fe6e9deddb74d9ff94dbc031f30cb93,abstract,0.88,incluir,
r9227fcc14678e8e030a908ef338f3cc5,abstract,0.85,excluir,E3
r56374f27660c516f6069b78fadee802a,abstract,0.82,incluir,
r127f3a00bba13d0ccdaab2d8f062cde3,pdf,0.82,incluir,
r3cb63bf51b07341a720faa4b19032c8f,abstract,0.78,incluir,
r81d698fd4d77b26c461eff6e88a1afde,abstract,0.78,incluir,
rdeb43a4e5e504cb52ef254778dc28395,abstract,0.55,incluir,
r513577e9269886de8c488a5dc3c66897,pdf,0.97,excluir,E3
r8b35bcbd35a1c61f471823001734a7b8,abstract,0.72,incluir,
r9e3819c67e0b14e5edadf14e4fbdb3f2,abstract,0.78,incluir,
r5342c7676733b84d143608cc4153418b,abstract,0.82,incluir,
r03321d41a0cd92d031d907ad89eac200,abstract,0.62,incluir,
r60603c6fc4d647f2ef33b310d04259b6,abstract,0.88,incluir,
rbfcc628053b02b576cc9656c956f97eb,pdf,0.85,excluir,E5
rf690fadc048ad1763deca2c374eca282,abstract,0.72,incluir,
raa7779a941027e3ef8059f178ab72979,abstract,0.78,incluir,
r0a7716ad53486649900742b157b22b40,abstract,0.62,incluir,
r719874dae04bce2ce07674075699d679,abstract,0.72,incluir,
r3177ebe411c67256a3ac275c1ca0cccd,abstract,0.82,incluir,
r3a6746b3246fe5aae2e76ef13ab98e0d,abstract,0.62,incluir,
r4950328dcd2b09784fbea988d25841c2,abstract,0.72,incluir,
r60133445671a75f66fa5d8e4c6e82dc9,abstract,0.82,incluir,
raeffb761b29b39edcf32c8d443f1e063,pdf,0.88,incluir,
r5ed6ada0929dee3a2636260c3e086dd6,pdf,0.82,incluir,
r47ea3619d87020513178b719bb508659,abstract,0.72,incluir,
r5d78cf5dcbd798525568660d6c2af5e9,abstract,0.78,incluir,
rcd4d4755fce64e9da5d862ae765c94b6,abstract,0.55,incluir,
r71d59d3a59e4a78d56daa7a7f3c6fe0a,abstract,0.88,incluir,
r224bec292ee027e00695dea1bdc5b8e5,abstract,0.62,incluir,
r01fe2eb9ae4947838b66f0415335daef,abstract,0.72,incluir,
ra766869f52b8ce6f8071dae4c278e9fd,abstract,0.82,incluir,
r64bc4e3a9e545c6b3edf9da1bab79ff0,abstract,0.82,incluir,
ra61a21fc708bf107b13b25e4cedca478,pdf,0.88,incluir,
r3ef3eefbe8d306121c82557641985ce1,pdf,0.72,incluir,
r9151240b34df9481fd03e1d6778059af,abstract,0.55,incluir,
r80d4defb9faff6818200835581b8f435,abstract,0.62,incluir,
r8b7b2ba793a935617251b638f93650e9,abstract,0.62,incluir,
r616729e148de90e0eee6e4058ef644a8,pdf,0.72,incluir,
rba1ab7c91e1163f2c6055d7aace9de1f,abstract,0.78,incluir,
r356093d35c7aa6b4b728f284d4700c93,abstract,0.72,excluir,E5
re1e78b6d68da576f57eb01cf56a4b4bb,abstract,0.8,excluir,E3
re1edee3fc863ac24d179c5907c7d20ee,abstract,0.72,incluir,
ra7c7967247e06875c8027a129b63352d,abstract,0.55,incluir,
rba6b6a09353be3a0b51aa97219b15d7c,abstract,0.55,incluir,
reade149f025714cd86c2bd823c8a2242,abstract,0.45,incluir,
r6566e908b9cdf28aa4c35d0ca9e7723e,abstract,0.82,incluir,
rd281ac51d022166ad755ae28f02e40f8,pdf,0.88,incluir,
r841b7ce0758978cdbd844ac4a7fa4027,abstract,0.72,incluir,
rff15f889ab6c6725242dee04644eb09b,abstract,0.62,incluir,
rd9a0c9a1d77ece78a8024e8bfe3c6e42,abstract,0.72,incluir,
r172ea049763c9f910760a562a6dc5e69,abstract,0.82,incluir,
refb16381196b2721e23f60eb7d0840b2,abstract,0.62,incluir,
r81e6b96f61f288db9d8cc383ca35094a,abstract,0.55,incluir,
r916ea27453534acfd3fd40dd44782e78,abstract,0.62,incluir,
r8c209873f856fe3eeaeb227829a6219e,abstract,0.62,incluir,
r49622a43ca00823e9e36e67bf0124208,abstract,0.55,incluir,
rd5307c2e9a89be75ae942535efb26cfd,abstract,0.72,incluir,
rfcb05b66796f91435b769385207eb806,abstract,0.62,incluir,
rf9cf951912728c4dd87794c3263ec885,abstract,0.82,incluir,
r237453b25c31ea58f0391614921c77d1,abstract,0.52,incluir,
r6458ad2e0a64a0db85b313a75b94bd25,abstract,0.82,incluir,
r575364b338e4d154740e1eb35ec66474,abstract,0.72,incluir,
rf2ead9f5b3ec860c58592e21036b15db,abstract,0.82,incluir,
r3209f0d9f01a3c226c63b925ce2cbe70,pdf,0.88,incluir,
r7bda3015e7568bb62b5d04efdb16fa36,abstract,0.85,incluir,
rc76ffe2a819574e885c705d5d6bb6f99,abstract,0.82,incluir,
r5ebd3869126de4b251a8c3878fadb875,abstract,0.72,incluir,
rcba5223576bc2f2ee88ecb400989ddeb,abstract,0.62,incluir,
rb9145c8e1786d66b6d04546adbadc100,pdf,0.62,incluir,
r975e85aa83d472cc30fb514ba5aad740,abstract,0.82,incluir,
r9e8e56223dc083ed413697d67db8bb74,abstract,0.62,incluir,
r15bf7841e098b491772b432a37b9e899,abstract,0.78,incluir,
r940bc7826bf2d99d79fb4bb1c2cec0e6,pdf,0.9,excluir,E3
rbde595894a76080ea517a151c7e51f1a,abstract,0.72,incluir,
rf66adabe7d50c277ed9977dbf5a609a6,abstract,0.82,incluir,
rff54b66b3fb2c0937c71afc49ea7f4b2,abstract,0.82,incluir,
r1d1160b14d1562da488ca712d0e825d6,pdf,0.78,incluir,
r02c800bfecb81a04bbc9e8b85f50bec7,abstract,0.62,incluir,
ra0d2ecee1e2e73d7965bfd2ff0a65e19,abstract,0.72,incluir,
r150b027c1ae35cea9ea239434de4d680,abstract,0.82,incluir,
r05e32c72e6ee47b36531841c4ae40bdf,abstract,0.62,incluir,
r83ad13847db4e9ab3b3850b19db3d942,pdf,0.88,incluir,
r04e9d85e23b5ff96a09db0524aea38dd,abstract,0.55,incluir,
r2aaf0812522d5ef847e975f1ac36a8be,abstract,0.72,incluir,
rdea0eab1cc14fa5b44ae8ece0e7a6a9c,abstract,0.72,incluir,
re39012497848d497aa039b33298cd022,abstract,0.78,incluir,
r6810c07e0d5dee97d52b306b4eb545a6,abstract,0.78,incluir,
r6fa8f9f83d61a8c0cff480617ebcd3f5,pdf,0.72,incluir,
r95c944e421036b8fe283f8b07257930c,abstract,0.72,incluir,
raf51e562375dde33d7e4ad45ef7a75c7,abstract,0.55,incluir,
r27dc80c1f52250fdccfc78f33b61cf97,abstract,0.82,incluir,
r180920916b99fe0796f49a32bf5d2287,abstract,0.9,excluir,E3
rc66db4f4e74bb513562b7ed62357f6c4,abstract,0.55,incluir,
rc5168428bbe33a91ac9a394fff972981,abstract,0.72,incluir,
rabdef159d44c0df0fb88746f8a4eb5b5,pdf,0.72,incluir,
r447c4efbc06059186dca68ee00e0b0f8,pdf,0.82,incluir,
r93f94ba33fdcb131c3369ceaaec68150,abstract,0.52,incluir,
r4adf4a6712d11c56907d7223f17f18ec,abstract,0.55,incluir,
r8e24c2ab819a7433526d0fbca1d9cdea,abstract,0.82,incluir,
r53e94958d97c6f2243a1654f1a76412c,abstract,0.85,excluir,E3
r3f5e127910a3d16bee9b77cdd9dbab8b,abstract,0.62,incluir,
r258922f3d2e5ea9ea58aad992089b972,abstract,0.82,incluir,
red421e7fe457c35a819a637c289a0dda,abstract,0.78,incluir,
r33c9d284080d5a87e38535a1348a2496,abstract,0.72,incluir,
r450936d7334bb933c345168d275ad765,abstract,0.72,incluir,
r7c7857296e1fc1ec91fbd322f68979a5,abstract,0.72,incluir,
r72d6fb27a614024e6e68e0bacfd28620,abstract,0.72,incluir,
r0528f180c24892134ac264c6ce0f1a60,abstract,0.72,incluir,
r171e8db4fb68a52cfc6c2f7b15f7c979,abstract,0.72,incluir,
r5b72a9c12229c92cbcb7df1e55dd1bd5,abstract,0.62,incluir,
re9d53f60f4b1b3001cf844c185841c1b,pdf,0.88,incluir,
rda33695bd39c80c1475e7322faf7ab7c,abstract,0.62,incluir,
r444ef71b72affcf2710241ea8c5560aa,abstract,0.82,incluir,
r81df382b85f80da06003c3058bccec6d,abstract,0.88,incluir,
r283913526be15b2593f2b4aadee74aaf,abstract,0.72,incluir,
r9f28195d23e88ce359491c850c7daedc,abstract,0.82,incluir,
r99fe02f1f0b89cc694454a059bb1dbae,abstract,0.78,incluir,
r742eb8b42a16ebc5f8ee9383dc538043,abstract,0.62,incluir,
rfc5d619f7e99b1e30792d1bb5198d63a,abstract,0.72,incluir,
rd5b029fb589eb98f219e5d2e34476f5c,abstract,0.78,incluir,
r17799633d335a60a7e1bdfe63d300fae,abstract,0.82,incluir,
r73f4109eaf5e7bfcee9c8b6d1b0aca27,abstract,0.62,incluir,
r8ffdd056205684ee176934720f8f0820,abstract,0.72,incluir,
r3230570c449ce398575abb1d31a13e79,abstract,0.72,incluir,
re2d12f63c987681b83507e73de6af99c,abstract,0.52,incluir,
rf0b061bff00148b0927fbffa5329e6db,abstract,0.62,incluir,
r32b4e16e64d1827f603978fe4067cfd1,abstract,0.55,incluir,
rad3d3756c5659ad96a1fdc6c0e9e6f97,abstract,0.78,incluir,
r9831ac0c948d32b859e758d592f2aa01,abstract,0.82,incluir,
rd01ce946b71b3563ec439496a61ee063,abstract,0.72,incluir,
r27d949a48998e0ed6689aa804fc3b5d1,abstract,0.72,incluir,
r55a42058ad898f5b7e81a9489f95f67e,abstract,0.62,incluir,
rcc49085ae6e1004ab03776d9d718340c,abstract,0.72,incluir,
r09b4d62a3db5aca2f1ba09971a0c19e8,abstract,0.85,excluir,E3
re9a965fabba7fd35cb0fc819f5cc2ced,abstract,0.82,incluir,
r314b9fffff872b5755871550a24051e1,abstract,0.82,incluir,
rfaa8935ac8eb12ae4d273138cbe9b331,abstract,0.78,incluir,
ra88f06c75de8753f68e921534685147a,pdf,0.82,incluir,
r567cb315ab1affd10590efdbf535dbaf,abstract,0.78,incluir,
ra4528001a8c706905a53ab407c7cf1a6,abstract,0.82,incluir,
rd1ce89541c0aff4f89436b8061b78648,abstract,0.82,incluir,
r2fbed325fd0d76d8da51a98b3ad8f4d2,abstract,0.82,incluir,
rbf7ec51e20e5214fb0e4cd81c6b6b158,abstract,0.82,incluir,
rbb16d2290c7dbc9abba4f61a67cc26cb,abstract,0.82,incluir,
r828b9b52d46e61168473921a3aa5227c,abstract,0.82,incluir,
r13d34ee606e2045741fd5fae23bfbcbe,abstract,0.82,incluir,
r1ecd0bb65e12b942d2ea3633176e03c8,pdf,0.82,incluir,
rba313fad406bcbcf52a879db3e261fe8,abstract,0.82,incluir,
r482de30898fe025303fb4bead5363ffe,abstract,0.82,incluir,
rad835b1278a0003d1c1955c9f2e3db7a,abstract,0.72,incluir,
r96687cd22d29e12b4317196c929f6bb4,abstract,0.82,incluir,
r147d157ac3095d4a5e287d58debc03e3,abstract,0.82,incluir,
r664e04fee3f998763275f6e0ecaf2ffd,abstract,0.82,incluir,
r283df2f90b838c2f43cc13f452db4157,abstract,0.82,incluir,
r3e5afbaa470fd481a3f942420ffc2e38,abstract,0.82,incluir,
r8e11ca83430470bed5e5d0b375cd0a8c,abstract,0.82,incluir,
rafd62c0affe0cd26f9a57ffb81c39973,abstract,0.82,incluir,
r3ee3297ac5770fd86555ff712bb3a729,abstract,0.82,incluir,
r2a8e3a738d584b38242350674dbb40e7,abstract,0.82,incluir,
r41c88a4bd61ea30e5af67518054e6bfd,abstract,0.72,incluir,
r1de1f08f2f6c5e34c9863657eb078e38,abstract,0.55,incluir,
rad9accfe2d593a54853e75f8493996fb,abstract,0.72,incluir,
ra13e9a0fb203a7cd66d84a6fd7cc2b9c,abstract,0.78,incluir,
rb9d97eca6a751d12030043130f50c42e,abstract,0.82,incluir,
rc019ab67ca9ef2a443472d700312ede8,abstract,0.82,incluir,
r000bbdb311cdb42cc65e791c9997e416,abstract,0.82,incluir,
r0fddb25a62497f4098c54ed06a90af65,abstract,0.72,incluir,
r81eb087d30ec60c6d1ba9480dab7764d,abstract,0.72,incluir,
rc7b9787d4c8904ea665f224ecfb8655c,abstract,0.82,incluir,
r4ace0e6d352d38dc9b575fce3a92b3c6,pdf,0.72,incluir,
r0c59bff805ebee92864f396b2bf060a0,abstract,0.72,incluir,
ree7872a46e5429e3f1b55796b85e61a9,pdf,0.95,incluir,
ra407c3b8fc71a66a9b4f8ebcce964a09,abstract,0.72,incluir,
r878a2435362c262154c0d306d20428ac,abstract,0.72,incluir,
rd9131de5e91d8451dc0339112ed3f2f2,abstract,0.82,incluir,
r6e1a98cf48c1937f2a033c62387bc822,pdf,0.82,incluir,
rbc3b31f3f4850caa7a00445737a04b17,abstract,0.82,incluir,
rf2f3c90e4c2113f4bb8e8ce833076274,abstract,0.78,incluir,
rfeab51d0da2f8ef27700964a384c7175,abstract,0.82,incluir,
r30e76a32d80721b18a097b0509eb81f8,abstract,0.82,incluir,
r6d68040eff61e3c8d24960e291e6ca1e,abstract,0.72,incluir,
r1799ca85d8773a5f641e00445df9a127,abstract,0.82,incluir,
r82abd757ce6f1f4019f6d8e3c348fc78,abstract,0.82,incluir,
r5d485af25157a88c6e290a6a7adcb00d,abstract,0.78,incluir,
rfe31f4876fa52aa20862170684cf57d4,abstract,0.72,incluir,
r8709c14f954883ce88484a14bb94b0e4,abstract,0.82,incluir,
r9a2b4db7e69c4efa239f5e9d569ed222,abstract,0.72,incluir,
r1f6ef93e7cbcbf204815099b4ecc8fb6,abstract,0.62,incluir,
r27c9d4bc9c91070c9afea3d77083a20c,abstract,0.62,incluir,
r4818125b72879aeacfdf2c002aa879bc,abstract,0.82,incluir,
rc2187948d2570d920bc72d458798f64c,abstract,0.72,incluir,
rca74b5d8ac7ee663d1ed4465d7c27f21,abstract,0.78,incluir,
r5a4b8ff2a1b2bdc73d7898773147d18f,pdf,0.82,incluir,
rb0c5993069c180950abd1d1fa55e56fe,abstract,0.82,incluir,
r20d58ecad50fba66de22743f23af9806,abstract,0.82,incluir,
r0e1ad6300870960e884c346002db28fd,abstract,0.82,incluir,
r37821aa002e840ee705906fd15f704de,abstract,0.72,incluir,
r91041de7c57a0d041c719cd3f7cf4948,pdf,0.88,incluir,
r7dc3595e96cb8328c4c5a201dec00412,pdf,0.72,incluir,
r8834d12ced1440ecdcc859347f2f1d9c,abstract,0.72,incluir,
rbd8de4e72d5949bc4a5abeb86d780395,abstract,0.82,incluir,
r460942478838707ec5eb750037e278e8,abstract,0.82,incluir,
rc99a6b5e3884f0000cefd9c322d2aa7e,abstract,0.82,incluir,
r475c079c60706115259b153a88f195a8,pdf,0.88,incluir,
rb42d3a2eb9a12cbe2abaf7d6d3175af8,abstract,0.78,incluir,
ra52414b2796805d204070a5e54060384,abstract,0.72,incluir,
r6946c5686d2aa66bb4ec9abce037b750,abstract,0.78,incluir,
r59199393d37d9bbf0aa9b80c84bb1764,abstract,0.82,incluir,
r084495c5ab8d4f05231f7b4e2661f6b4,pdf,0.92,incluir,
r914fcb3b3bfe2c653d4efd9a3da67a96,pdf,0.78,incluir,
rf5b3029dded85923b5de040df18c5b0e,abstract,0.72,incluir,
r6f588abff8fd20ca25bafa593da940d2,abstract,0.72,incluir,
ra37d8373326c4f1f99449e4b0944f0ee,abstract,0.82,incluir,
r73d30722482e6e5684ee9f756254901b,abstract,0.72,incluir,
r20d64868193d102db7f02a638a62c962,abstract,0.78,incluir,
r3a3aec69dea55f88dd303d775eb6c729,pdf,0.88,incluir,
r4f84a58a8fb891e253e91828001b2294,pdf,0.72,incluir,
rae26571efc1284c3780ffa624c184a2a,abstract,0.82,incluir,
r0c189a3a31d6f5a3efb34ba6077e21f0,pdf,0.78,incluir,
re3637476f8ccaa9fe50adda602b35aa9,pdf,0.92,incluir,
re1d53cf628c5d07aa1b1bf09e12a4df9,pdf,0.88,incluir,
r4f7f4413630197522995c1efa6a7fe50,abstract,0.78,incluir,
rc21936995945cddc597d6ed1d9eab9ca,abstract,0.72,incluir,
r196ba01d37ab88ca5696ae208617f551,abstract,0.78,incluir,
r1f8e73f6a804b0b88ec00379dd3f9bbf,abstract,0.88,incluir,
rbad80acc3957c871ed8b4c09f3eeeba7,abstract,0.78,incluir,
rbc61993d0b3527c9a376819127713fee,abstract,0.55,incluir,
ref94459791c606ba05b43396bc72b3f3,pdf,0.82,incluir,
r18a55bdd80d496ab15b6fb5416e94552,abstract,0.82,incluir,
r5bfc5be656a643780174245525ab5fc6,abstract,0.85,excluir,E3
r96cdb340d18231169220055974e2607f,abstract,0.85,excluir,E3
rb80d6edd0c9df481ff221ad7bccae682,abstract,0.62,incluir,
r8387a47402476c74790a35eae4dcd769,abstract,0.82,incluir,
r50a70bc625f1c98ff6d31c25ec649f77,abstract,0.78,incluir,
rabb46fa59d92588b75ab5455d55fb7f3,abstract,0.82,incluir,
r620b4e43b0d785f191ef22a83625550b,pdf,0.72,incluir,
r7c96c4754b5bdc9ccd2e3210b1afce3b,abstract,0.72,incluir,
r4e3d37405f9963b2ecf7cd8d61627eff,pdf,0.62,incluir,
rf44ecabb883989742d8bc220d8a85d5f,pdf,0.82,incluir,
r1783143a0f24e43a04a681f21b2fa9c1,abstract,0.72,incluir,
r177473d8592f8eff24b530e2f353e67d,abstract,0.78,incluir,
r57823a268fa39d4c103e5bad982183d1,abstract,0.82,incluir,
r9d833d9de6db847aa75ef6d7993edad7,abstract,0.82,incluir,
r031d5261cec7b244dd13ed7a218c3370,abstract,0.82,incluir,
r9ffdb9fea4c2021a661c8cc7c2f6f395,abstract,0.82,incluir,
re7145cee20bd6eca0f5862c6d134500f,abstract,0.72,incluir,
r963723765a432949d08e16b17f2abd29,abstract,0.72,incluir,
r4d76182cd198dd9cae2058d4279d893f,abstract,0.82,incluir,
rf5f1784965784d60afc70e9ea4b17956,abstract,0.78,incluir,
rb286d1d395b942deeaaf086be7aca05d,abstract,0.72,incluir,
r3ca316946a7c91baca199c8147e7637c,abstract,0.72,incluir,
rdaf127fcec05a9e2eaf221dc92cdc93f,abstract,0.78,incluir,
ra8a5c9bb905f5a85ef673ff995fc3028,abstract,0.78,incluir,
r5cab2e3e157da15596f806bf95a7d4cc,abstract,0.72,incluir,
r7aaa3dcdcf0b9c2bf63cefd981188dd7,abstract,0.82,incluir,
rc27de7be4910a28f139d8e67ffb9ceec,abstract,0.82,incluir,
re068ec660266a3e3017e44b0859cd016,abstract,0.72,incluir,
rc6c4c825825e9df50ef78fc843b17de3,abstract,0.72,incluir,
r1a4cde0450c83b61be7db6c720091826,abstract,0.78,incluir,
raccbf3daa77998979227a82e8c52030c,abstract,0.62,incluir,
rbeaa72e9879268d795679a4fa0e01122,abstract,0.82,incluir,
r266f9386f488ebe97f0056b0e03c3cab,abstract,0.72,incluir,
r6a4350c09a365eaf6d60bb714377a6ab,abstract,0.78,incluir,
r14a11020171faaaa48acc4cec395a979,pdf,0.82,incluir,
r668e1ed2431a3b38b78f50ed18975cd0,pdf,0.82,incluir,
raaff79a4fca4e27742162734e04a5c89,abstract,0.82,incluir,
ref10c59b80da5910664c6d36c6a6b5ee,abstract,0.82,incluir,
rd52ab0ff4cd1ff87a210e7501ee3b93f,abstract,0.78,incluir,
r02711ccb651d40e4426e872bb89d9d5e,abstract,0.72,incluir,
r65b849aed2ba7531a458331507afaf47,abstract,0.82,incluir,
rb640de3abaac6e3fb7b1e8b34df26829,abstract,0.82,incluir,
rd01e42830d0644a1d26769f301cb79e7,abstract,0.55,incluir,
r1755f29a69b454a5474e5f86afc51d3b,abstract,0.82,incluir,
r9af2707895b9125e8eaf43b81d74aa33,abstract,0.82,incluir,
r19c6bc80b34f200451c9e8e2e822b273,abstract,0.92,incluir,
r2f72890d71a2efb8decf8dd6ce52fa59,abstract,0.78,incluir,
r6dd9dc353ac34ead1da9b2ed1bf0fcb4,pdf,0.82,incluir,
r30e20ad5ae20d7018dfa592f99f55fbe,abstract,0.82,incluir,
rd82fc00ec25138cf765ca62b63552fff,abstract,0.72,incluir,
rd52323c8e38c330e7033e028bc14f2f9,pdf,0.88,incluir,
rf4aceecc9ab204e8c14ba5f830f8b21f,abstract,0.72,incluir,
r31e3d95a86fc4246b5897d1af5572198,abstract,0.72,incluir,
r793ba4028c78e83f90cf20e23b191239,abstract,0.82,incluir,
r4707a0f03b9e610edf2538b01934eb4a,abstract,0.62,incluir,
r6250fe4c4aa4944c5f61c2832ff20706,abstract,0.82,incluir,
r07bef8889d5590313b41c6e89ac6fdf3,abstract,0.82,incluir,
r27f1cd9a02a0e7619d2b42ade2cf57c7,abstract,0.72,incluir,
r49fb961e3a61693ab1ad00e6fbd7fb41,abstract,0.62,incluir,
rd07b2f7833ee83c98b03fd94a4230295,abstract,0.82,incluir,
r58b5a1680bb59eb0604792080aa9c984,abstract,0.72,incluir,
r76f18a8f4b29170416eaa0fd950d77ce,abstract,0.78,incluir,
r40d0c37c24c35a613f622bcc0e4689b8,abstract,0.72,incluir,
r8e352adfd180af1ec54dd1d71b35c98a,abstract,0.72,incluir,
r2a3db747a885fcbd59e2b7ca78b8abc9,abstract,0.82,incluir,
r02b74f49f2c500d38a3e86d5474672a5,abstract,0.72,incluir,
r942b3b8d678c0e6a674aa91f6033de02,abstract,0.72,incluir,
rf6fc4d9bc6d0d8652f7c18dc03d007f1,abstract,0.78,incluir,
r92e51649254db69f7e406532391c447f,abstract,0.78,incluir,
rd71cecfafb6daefede2018a48417a26e,abstract,0.72,incluir,
r4970e08042d89dc7002948c9d8eee6eb,abstract,0.72,incluir,
r2cdc1e3b1970d95b8202c3734be8fbe6,abstract,0.82,incluir,
r38254b2051601ee6870e4e15f3ef08a6,abstract,0.72,incluir,
r1fc184a1a48fe6e4bb906f53886244e8,abstract,0.72,incluir,
rd19caa10c9649853b89d8244ad0ca71e,abstract,0.62,incluir,
r091ac0074b7e3b3f8700bd11e15609ee,abstract,0.62,incluir,
r23db456d36a59a62e001c8ed4d21fed8,abstract,0.62,incluir,
re32a379ee53df243920b7b1f4b1b4816,abstract,0.5,excluir,E5
r4f20bb8dfe0fdd3fb59284137f93348c,abstract,0.82,incluir,
r89659e54aaf44093a9b63737e3aa055f,abstract,0.62,incluir,
ra7665529fe164599dc6bf5795cf7758d,abstract,0.62,incluir,
rac339dbc41b569b850d3463640cd8a31,abstract,0.55,incluir,
r05c19a790de290c477e6433cbd24fe2d,abstract,0.55,incluir,
rad424eda0da22fa618789b27f1e81e4c,abstract,0.82,incluir,
r8fd43728890904ef6b2fb672e5d372e8,abstract,0.55,incluir,
rdb2ab2e9ce0125d37f3f80d332570cb2,abstract,0.72,incluir,
r91bf3501627fcc70bc862f4ba679e8c3,abstract,0.62,incluir,
rf1ed5dbb1539a37eed0df5854641d038,abstract,0.72,incluir,
r67e964e49353edd2cc7016db368fbb4a,abstract,0.72,incluir,
re1bbdfe1cdf2361abcbfe77d0afe8c0b,abstract,0.62,incluir,
rdc3e6bb41f338250662689ddcfda988c,abstract,0.72,incluir,
rdf33ecd964a4d8761a043af512074c3e,abstract,0.62,incluir,
rb4b810e1160bc55f7d94b2659d12d310,abstract,0.55,incluir,
r8e4936d3a7f3cbfa5bdd9b074e903567,abstract,0.62,incluir,
re74de40faf2fb984c50402a8a49d7805,abstract,0.62,incluir,
r1617faa416beed6d3be59dc716e1b715,abstract,0.52,incluir,
r268ec3fe2ca24c6c66eb0da93427215a,abstract,0.62,incluir,
rf4e2dfaac7337d06f1064d863b55db8a,abstract,0.72,incluir,
rbd334cc24f8a4057894105f4462b9887,abstract,0.72,incluir,
r915d914c77e395ca63ea3a203cf2d09a,abstract,0.62,incluir,
r891d4392539778b96f61696e2ed403e9,abstract,0.72,incluir,
rdcf5dc3ebcec5df84c9c2ade2024549c,abstract,0.62,incluir,
rf4aec2a3b035b3a4a336ed6a96b1d67e,abstract,0.45,incluir,
r744d437b8503703ab217412af833c8e8,abstract,0.72,incluir,
rd2217508380c68738a0ccced2d210b6f,abstract,0.62,incluir,
r46e3f9eebf8a29ba856de5b06937f7f0,abstract,0.62,incluir,
