doi,citacoes_no_corpus,ano,autor1,titulo,veiculo,recuperado_na_busca,incluido
10.1016/j.techfore.2016.08.019,296,2017,Frey,The future of employment: How susceptible are jobs to computerisation?,Technological Forecasting and Social Change,False,False
10.1086/705716,275,2020,Acemoglu,Robots and Jobs: Evidence from US Labor Markets,Journal of Political Economy,False,False
10.1162/003355303322552801,236,2003,Autor,The Skill Content of Recent Technological Change: An Empirical Exploration,The Quarterly Journal of Economics,False,False
10.1257/aer.20160696,198,2018,Acemoglu,"The Race between Man and Machine: Implications of Technology for Growth, Factor Shares, and Employment",American Economic Review,True,True
10.1016/s0169-7218(11)02410-5,191,2011,Acemoglu,"Skills, Tasks and Technologies: Implications for Employment and Earnings",Handbook of Labor Economics,False,False
10.1257/jep.33.2.3,184,2019,Acemoglu,Automation and New Tasks: How Technology Displaces and Reinstates Labor,Journal of Economic Perspectives,True,True
10.1257/aer.103.5.1553,182,2013,Autor,The Growth of Low-Skill Service Jobs and the Polarization of the US Labor Market,American Economic Review,False,False
10.1162/rest\_a\_00754,181,,,,,False,False
10.1257/jep.29.3.3,177,2015,Autor,Why Are There Still So Many Jobs? The History and Future of Workplace Automation,Journal of Economic Perspectives,True,True
10.1257/aer.104.8.2509,120,2014,Goos,Explaining Job Polarization: Routine-Biased Technological Change and Offshoring,American Economic Review,False,False
10.1093/jeea/jvab012,88,2021,Dauth,The Adjustment of Labor Markets to Robots,Journal of the European Economic Association,True,True
10.1086/718327,77,2022,Acemoglu,Artificial Intelligence and Jobs: Evidence from Online Vacancies,Journal of Labor Economics,True,True
10.3982/ecta19815,72,2022,Acemoglu,"Tasks, Automation, and the Rise in U.S. Wage Inequality",Econometrica,True,True
10.1093/ej/ueab009,72,2021,Koch,Robots and Firms,The Economic Journal,False,False
10.1257/pandp.20201003,70,2020,Acemoglu,Competing with Robots: Firm-Level Evidence from France,AEA Papers and Proceedings,False,False
10.1016/j.econlet.2017.07.001,64,2017,Arntz,Revisiting the risk of automation,Economics Letters,True,True
10.1093/restud/rdab031,63,2021,Acemoglu,Demographics and Automation,The Review of Economic Studies,False,False
10.1162/rest.89.1.118,62,2007,Goos,Lousy and Lovely Jobs: The Rising Polarization of Work in Britain,Review of Economics and Statistics,False,False
10.2139/ssrn.3098384,60,2018,Acemoglu,"Artificial Intelligence, Automation and Work",SSRN Electronic Journal,False,False
10.1093/qje/qjt032,59,2013,Karabarbounis,The Global Decline of the Labor Share*,The Quarterly Journal of Economics,False,False
10.1257/pandp.20181019,55,2018,Brynjolfsson,What Can Machines Learn and What Does It Mean for Occupations and the Economy?,AEA Papers and Proceedings,False,False
10.2139/ssrn.3482150,55,2019,Webb,The Impact of Artificial Intelligence on the Labor Market,SSRN Electronic Journal,False,False
10.1162/rest\_a\_00366,53,,,,,False,False
10.1787/5iiz9h56dvci7-en,52,,,,,False,False
10.1162/003355398555847,46,1998,Zeira,"Workers, Machines, and Economic Growth",The Quarterly Journal of Economics,False,False
10.2307/2118323,44,1992,Katz,"Changes in Relative Wages, 1963-1987: Supply and Demand Factors",The Quarterly Journal of Economics,False,False
10.1257/aer.99.2.58,42,2009,Goos,Job Polarization in Europe,American Economic Review,False,False
10.1016/j.jmoneco.2018.05.014,41,2018,Berg,Should we fear the robot revolution? (The correct answer is yes),Journal of Monetary Economics,True,True
10.1287/mnsc.2020.3812,40,2021,Dixon,The Robot Revolution: Managerial and Employment Consequences for Firms,Management Science,False,False
10.1093/cjres/rsz022,40,2019,Acemoglu,The wrong kind of AI? Artificial intelligence and the future of labour demand,"Cambridge Journal of Regions, Economy and Society",False,False
10.1086/697242,39,2018,Acemoglu,Low-Skill and High-Skill Automation,Journal of Human Capital,True,True
10.1257/aer.103.6.2121,38,2013,Autor,The China Syndrome: Local Labor Market Effects of Import Competition in the United States,American Economic Review,False,False
10.1016/j.labeco.2020.101885,38,2020,de Vries,The rise of robots and the fall of routine jobs,Labour Economics,False,False
10.1016/j.jfineco.2023.103745,37,2024,Babina,"Artificial intelligence, firm growth, and product innovation",Journal of Financial Economics,True,True
10.1111/1468-0262.00150,37,2000,Krusell,Capital-skill Complementarity and Inequality: A Macroeconomic Analysis,Econometrica,False,False
10.1162/003355398555874,36,1998,Autor,Computing Inequality: Have Computers Changed the Labor Market?,The Quarterly Journal of Economics,False,False
10.1016/j.jinteco.2020.103384,36,2020,Faber,Robots and reshoring: Evidence from Mexican labor markets,Journal of International Economics,False,False
10.1787/2-2f4eea-en,35,,,,,False,False
10.1086/499972,35,2006,Spitz‐Oener,"Technical Change, Job Tasks, and Rising Educational Demands: Looking outside the Wage Structure",Journal of Labor Economics,False,False
10.1093/qje/qjaa004,35,2020,Autor,The Fall of the Labor Share and the Rise of Superstar Firms*,The Quarterly Journal of Economics,False,False
10.1257/aer.20181047,34,2020,Goldsmith-Pinkham,"Bartik Instruments: What, When, Why, and How",American Economic Review,False,False
10.1257/000282806777212620,34,2006,Autor,The Polarization of the U.S. Labor Market,American Economic Review,False,False
10.1257/jep.33.2.71,34,2019,Cheng,The Rise of Robots in China,Journal of Economic Perspectives,False,False
10.1111/ecoj.12245,33,2015,Autor,Untangling Trade and Technology: Evidence from Local Labour Markets,The Economic Journal,True,True
10.1257/pandp.20181021,33,2018,Felten,A Method to Link Advances in Artificial Intelligence to Occupational Abilities,AEA Papers and Proceedings,False,False
10.1257/jep.33.2.31,32,2019,Agrawal,Artificial Intelligence: The Ambiguous Labor Market Impact of Automating Prediction,Journal of Economic Perspectives,True,True
10.1126/science.aap8062,32,2017,Brynjolfsson,What can machine learning do? Workforce implications,Science,False,False
10.1257/pandp.20181020,31,2018,Acemoglu,Modeling Automation,AEA Papers and Proceedings,False,False
10.1257/mac.20160164,31,2022,Hémous,"The Rise of the Machines: Automation, Horizontal Innovation, and Income Inequality",American Economic Journal: Macroeconomics,False,False
10.2478/izajolp-2019-0004,30,2019,Ernst,Economics of Artificial Intelligence: Implications for the Future of Work,IZA Journal of Labor Policy,False,False
10.1257/jep.29.3.31,30,2015,Mokyr,The History of Technological Anxiety and the Future of Economic Growth: Is This Time Different?,Journal of Economic Perspectives,False,False
10.1016/j.jmacro.2016.08.003,29,2016,DeCanio,Robots and humans – complements or substitutes?,Journal of Macroeconomics,True,True
10.1016/j.jmoneco.2019.10.012,28,2020,Prettner,"Innovation, automation, and inequality: Policy challenges in the race against the machine",Journal of Monetary Economics,True,True
10.3386/w24001,27,2017,Brynjolfsson,Artificial Intelligence and the Modern Productivity Paradox: A Clash of Expectations and Statistics,,False,False
10.1016/j.econmod.2018.12.015,27,2019,Lankisch,How can robots affect wage inequality?,Economic Modelling,True,True
10.1002/smj.3286,26,2021,Felten,"Occupational, industry, and geographic exposure to artificial intelligence: A novel dataset and its potential uses",Strategic Management Journal,False,False
10.1016/j.respol.2020.104137,26,2021,Domini,Threats and opportunities in the digital era: Automation spikes and employment dynamics,Research Policy,False,False
10.1016/j.respol.2022.104536,26,2022,Yang,How Artificial Intelligence Technology Affects Productivity and Employment: Firm-level Evidence from Taiwan,Research Policy,False,False
10.1162/rest_a_00754,26,2018,Graetz,Robots at Work,The Review of Economics and Statistics,False,False
10.1093/qje/qjx022,25,2017,Deming,The Growing Importance of Social Skills in the Labor Market*,The Quarterly Journal of Economics,False,False
